,City,Cloudiness,Country,Date,Humidity,Lat,Lng,Max Temp,Wind Speed
0,Hermanus,80,ZA,1554325290,77,-34.42,19.24,61.0,2.93
1,Ushuaia,75,AR,1554321600,75,-54.81,-68.31,46.4,34.45
2,Dikson,76,RU,1554325922,100,73.51,80.55,23.58,16.02
3,Kavieng,100,PG,1554325923,100,-2.57,150.8,80.1,7.18
4,Mahebourg,75,MU,1554325744,88,-20.41,57.7,78.8,3.36
5,Ongandjera,0,NA,1554325925,36,-17.88,15.07,77.31,8.63
6,Saint-Philippe,75,CA,1554325916,81,45.36,-73.48,46.99,6.93
7,Victoria,75,BN,1554323400,94,5.28,115.24,77.0,2.82
8,Punta Arenas,75,CL,1554325349,52,-53.16,-70.91,44.6,39.15
9,Bambous Virieux,75,MU,1554325744,88,-20.34,57.76,78.8,3.36
10,Belmonte,0,PT,1554325239,68,40.36,-7.35,41.0,1.01
11,Albany,20,US,1554325925,32,42.65,-73.75,54.0,21.92
12,New Norfolk,75,AU,1554325881,80,-42.78,147.06,43.0,3.36
13,Busselton,56,AU,1554325807,55,-33.64,115.35,63.0,18.59
14,Jumla,0,NP,1554325936,92,29.28,82.18,27.18,2.26
15,Ostersund,75,SE,1554322800,52,63.18,14.64,41.0,6.93
16,Port Alfred,12,ZA,1554325911,94,-33.59,26.89,64.99,1.01
17,Puerto Ayora,40,EC,1554325240,66,-0.74,-90.35,87.8,16.11
18,Hobart,75,AU,1554325881,80,-42.88,147.33,43.0,3.36
19,Whitehorse,90,CA,1554325326,92,60.72,-135.06,26.01,12.75
20,Leningradskiy,20,RU,1554325943,93,69.38,178.42,7.2,17.02
21,Coquimbo,0,CL,1554321600,56,-29.95,-71.34,69.8,12.75
22,San Lorenzo,90,PY,1554321600,94,-25.34,-57.51,77.0,2.24
23,Zlobin,20,HR,1554325925,81,45.29,14.65,53.6,1.12
24,Oranjemund,68,ZA,1554325949,94,-28.55,16.43,59.4,7.4
25,Rikitea,12,PF,1554325950,100,-23.12,-134.97,74.7,20.49
26,Kamina,32,CD,1554325951,80,-8.74,25.0,71.73,5.39
27,Provideniya,40,RU,1554323400,73,64.42,-173.23,26.6,17.9
28,Prince Rupert,1,CA,1554321600,54,54.32,-130.32,53.6,5.82
29,Komsomolskiy,92,RU,1554325955,89,67.55,63.78,24.48,3.27
30,Guane,12,CU,1554325956,52,22.2,-84.09,85.5,6.06
31,Castro,90,CL,1554321600,100,-42.48,-73.76,50.0,19.46
32,Yulara,0,AU,1554321600,28,-25.24,130.99,59.0,5.82
33,Longyearbyen,40,NO,1554321000,84,78.22,15.63,8.6,5.82
34,Mount Gambier,90,AU,1554321600,87,-37.83,140.78,53.6,8.05
35,Kapaa,40,US,1554325406,53,22.08,-159.32,77.0,11.41
36,East London,32,ZA,1554325693,100,-33.02,27.91,72.0,25.75
37,Ardon,90,RU,1554321600,75,43.18,44.31,42.8,2.48
38,Sungaipenuh,24,ID,1554325966,96,-2.08,101.38,67.23,1.36
39,Constitucion,5,MX,1554325815,9,23.99,-104.67,77.0,14.99
40,Avarua,92,CK,1554323400,74,-21.21,-159.78,80.6,5.82
41,Rampur,0,IN,1554325970,71,28.8,79.03,70.47,2.71
42,Port Elizabeth,1,US,1554325949,20,39.31,-74.98,68.0,18.34
43,Tautira,40,PF,1554325945,70,-17.73,-149.15,87.8,10.29
44,Thompson,40,CA,1554321600,44,55.74,-97.86,17.6,10.29
45,Masunga,0,BW,1554325974,56,-20.62,27.45,66.69,14.23
46,Bethel,1,US,1554321360,74,60.79,-161.76,37.4,19.46
47,Huoqiu,48,CN,1554325977,78,32.34,116.27,47.52,4.16
48,Nautla,36,MX,1554325978,100,20.22,-96.78,72.99,8.08
49,Geraldton,75,CA,1554324420,38,49.72,-86.95,26.6,14.99
50,Sinnamary,92,GF,1554325980,93,5.38,-52.96,80.64,12.88
51,Manaure,20,CO,1554321600,66,11.78,-72.45,86.0,18.34
52,Iskateley,44,RU,1554325983,95,67.68,53.15,25.92,12.66
53,Primorsko-Akhtarsk,36,RU,1554325984,100,46.05,38.18,40.59,8.19
54,Ruteng,8,ID,1554325985,93,-8.61,120.46,68.31,2.26
55,Fairbanks,20,US,1554325618,32,64.84,-147.72,26.01,14.99
56,Ossora,92,RU,1554325988,95,59.24,163.07,32.04,19.37
57,Bredasdorp,44,ZA,1554321600,93,-34.53,20.04,59.0,5.82
58,Norman Wells,75,CA,1554321600,65,65.28,-126.83,3.2,18.34
59,Vaini,0,IN,1554325992,91,15.34,74.49,68.31,1.25
60,Yellowknife,20,CA,1554325927,54,62.45,-114.38,7.0,11.41
61,Macusani,92,PE,1554325994,100,-14.07,-70.43,54.72,2.37
62,Qaanaaq,64,GL,1554325995,88,77.48,-69.36,11.97,5.95
63,Canillo,88,FR,1554325921,47,42.57,1.6,42.01,1.92
64,Montesarchio,0,IT,1554325985,81,41.06,14.64,55.99,5.82
65,Saint George,75,GR,1554324600,75,39.45,22.34,46.4,5.82
66,Buchanan,75,LR,1554323400,88,5.88,-10.05,78.8,6.4
67,Kaitangata,56,NZ,1554326001,65,-46.28,169.85,50.58,6.4
68,Nanortalik,68,GL,1554326002,100,60.14,-45.24,31.5,30.78
69,Kropotkin,0,RU,1554325218,74,45.43,40.58,34.0,7.52
70,Cidreira,36,BR,1554326005,86,-30.17,-50.22,77.04,1.81
71,Gigmoto,88,PH,1554326006,100,13.78,124.39,77.4,8.08
72,Faanui,12,PF,1554326007,100,-16.48,-151.75,84.33,9.98
73,Saldanha,0,PT,1554326008,56,41.42,-6.55,41.49,8.63
74,Guerrero Negro,0,MX,1554326009,53,27.97,-114.04,70.2,11.65
75,San Patricio,68,PY,1554326011,88,-26.98,-56.83,77.85,2.48
76,Alofi,40,NU,1554321600,74,-19.06,-169.92,80.6,8.05
77,Mataura,64,NZ,1554325807,88,-46.19,168.86,51.01,14.67
78,Zhezkazgan,0,KZ,1554325870,85,47.8,67.71,40.41,5.73
79,Biala Podlaska,0,PL,1554323400,39,52.03,23.12,44.6,11.18
80,Kamsack,1,CA,1554321600,31,51.56,-101.9,35.6,6.93
81,Saint-Augustin,32,FR,1554325942,81,44.83,-0.61,44.01,10.29
82,Beringovskiy,92,RU,1554326019,98,63.05,179.32,28.17,20.04
83,Moose Factory,90,CA,1554324660,79,51.26,-80.61,21.2,20.8
84,Ahuimanu,20,US,1554325843,48,21.44,-157.84,82.4,12.75
85,Cedral,0,MX,1554326023,27,23.82,-100.72,77.67,7.29
86,Sorland,75,NO,1554322800,86,67.67,12.69,37.4,34.45
87,Namibe,36,AO,1554326025,100,-15.19,12.15,79.47,8.86
88,Airai,80,TL,1554326026,79,-8.93,125.41,69.57,1.36
89,Cockburn Town,0,TC,1554326027,99,21.46,-71.14,79.65,10.65
90,Nantucket,1,US,1554325972,70,41.28,-70.1,54.0,23.04
91,Flinders,90,AU,1554325900,100,-34.58,150.85,63.0,13.87
92,Tondano,20,ID,1554323400,94,1.3,124.91,75.2,2.24
93,San Cristobal,90,EC,1554325319,93,-0.39,-78.55,57.2,10.29
94,Itarema,92,BR,1554326033,92,-2.92,-39.92,78.93,6.17
95,Carutapera,92,BR,1554326034,100,-1.2,-46.02,75.33,4.72
96,Lac du Bonnet,0,CA,1554325827,43,50.25,-96.06,32.0,11.99
97,Kodiak,75,US,1554326010,13,39.95,-94.76,66.0,16.11
98,Bluff,0,AU,1554326038,81,-23.58,149.07,65.88,11.43
99,Lompoc,40,US,1554326038,68,34.64,-120.46,64.99,11.41
100,Meulaboh,24,ID,1554326040,100,4.14,96.13,78.93,4.16
101,Karratha,0,AU,1554326041,65,-20.74,116.85,74.25,10.76
102,Hasaki,75,JP,1554325476,100,35.73,140.83,32.0,2.24
103,Nikolskoye,0,RU,1554325836,34,59.7,30.79,39.99,6.71
104,Hithadhoo,36,MV,1554326045,100,-0.6,73.08,79.74,4.38
105,Bosaso,0,SO,1554326046,100,11.28,49.18,79.47,5.61
106,Peoria,75,US,1554325778,41,40.69,-89.59,57.99,12.75
107,Ponta do Sol,76,BR,1554326048,84,-20.63,-46.0,71.55,4.83
108,Souillac,8,FR,1554325840,93,45.6,-0.6,41.0,2.24
109,Mar del Plata,24,AR,1554326051,39,-46.43,-67.52,66.15,16.8
110,Vestmannaeyjar,92,IS,1554326052,86,63.44,-20.27,41.22,25.19
111,Rio Gallegos,20,AR,1554321600,45,-51.62,-69.22,48.2,25.28
112,Tuktoyaktuk,90,CA,1554321600,77,69.44,-133.03,-0.41,16.11
113,Davila,68,PH,1554326055,99,18.47,120.58,77.67,11.65
114,Jamestown,68,AU,1554326057,67,-33.21,138.6,57.87,5.5
115,Kaeo,12,NZ,1554325684,89,-35.1,173.78,64.0,10.31
116,Narsaq,20,GL,1554324600,58,60.91,-46.05,28.4,13.87
117,Godda,0,IN,1554326060,74,24.83,87.21,69.93,7.74
118,Madingou,48,CG,1554326061,98,-4.17,13.56,73.71,1.59
119,Naantali,36,FI,1554325879,52,60.45,22.03,43.0,6.93
120,Charlottesville,1,US,1554326028,16,38.03,-78.48,73.4,4.7
121,Cherskiy,0,RU,1554326065,65,68.75,161.3,20.25,2.71
122,Menongue,88,AO,1554326066,29,-14.66,17.68,74.16,3.49
123,Lebu,75,ET,1554325200,72,8.96,38.73,59.0,2.24
124,Lasa,40,CY,1554324600,87,34.92,32.53,57.2,5.82
125,Tocopilla,0,CL,1554325976,88,-22.09,-70.2,66.15,4.05
126,Grandview,90,US,1554326100,39,38.89,-94.53,68.0,9.17
127,Vanimo,36,PG,1554326072,99,-2.67,141.3,82.98,15.01
128,Atuona,48,PF,1554326073,100,-9.8,-139.03,81.63,15.35
129,Campbell River,90,CA,1554325232,93,50.02,-125.24,50.0,4.7
130,Saskylakh,56,RU,1554326076,83,71.97,114.09,21.87,5.39
131,Kurilsk,48,RU,1554326077,96,45.23,147.88,28.35,19.71
132,Cap Malheureux,75,MU,1554326043,88,-19.98,57.61,78.8,3.36
133,Vila Velha,75,BR,1554325687,78,-3.71,-38.6,81.0,5.82
134,Tabou,76,CI,1554326080,100,4.42,-7.36,82.8,11.65
135,Luderitz,0,NA,1554326081,87,-26.65,15.16,58.77,11.43
136,Nadym,8,RU,1554326082,85,65.53,72.51,23.85,6.17
137,Upernavik,80,GL,1554326084,88,72.79,-56.15,25.38,42.97
138,Hilo,20,US,1554325996,73,19.71,-155.08,81.0,8.05
139,Tura,0,IN,1554326086,90,25.52,90.21,64.8,5.61
140,Fredericksburg,20,US,1554325832,16,38.3,-77.46,73.4,11.41
141,Firovo,0,RU,1554326088,84,57.48,33.7,28.8,7.85
142,Ust-Kuyga,0,RU,1554326089,59,70.0,135.55,1.35,4.05
143,Talnakh,68,RU,1554326091,87,69.49,88.39,17.19,4.16
144,Cape Town,0,ZA,1554325991,88,-33.93,18.42,64.99,3.36
145,Agramonte,20,CU,1554321000,58,22.68,-81.12,86.0,14.99
146,Japura,44,ID,1554326094,95,-0.42,102.29,73.8,1.92
147,Labuhan,32,ID,1554326095,95,-2.54,115.51,70.92,0.69
148,Plettenberg Bay,56,ZA,1554326097,91,-34.05,23.37,66.69,8.3
149,Moranbah,0,AU,1554326098,72,-22.0,148.04,67.68,15.35
150,Khatanga,92,RU,1554326099,91,71.98,102.47,16.38,10.65
151,Price,1,US,1554326044,50,39.6,-110.81,53.6,4.7
152,Harper,90,US,1554325965,88,30.3,-99.24,66.99,9.17
153,Itamaraca,40,BR,1554321600,74,-7.75,-34.83,84.2,8.05
154,Lavrentiya,20,RU,1554326104,95,65.58,-170.99,21.42,16.58
155,Hamilton,20,CA,1554326046,33,43.26,-79.87,46.0,27.51
156,Shizukuishi,20,JP,1554326107,58,39.7,140.98,32.94,5.61
157,Arraial do Cabo,0,BR,1554321600,65,-22.97,-42.02,80.6,12.75
158,Cabo San Lucas,5,MX,1554325836,42,22.89,-109.91,89.01,11.41
159,Maldonado,20,UY,1554321600,68,-34.91,-54.96,66.2,11.41
160,Yarmouth,40,GB,1554326109,86,50.71,-1.5,41.0,6.93
161,Carnarvon,0,ZA,1554326113,29,-30.97,22.13,60.12,9.19
162,Wheatley,1,CA,1554326095,25,42.09,-82.46,55.0,14.99
163,Georgetown,20,GY,1554321600,74,6.8,-58.16,86.0,16.11
164,Nouadhibou,20,MR,1554321600,72,20.93,-17.03,68.0,10.29
165,Iqaluit,75,CA,1554325924,78,63.75,-68.52,8.6,4.7
166,Kahului,20,US,1554326113,73,20.89,-156.47,80.6,16.11
167,Tasiilaq,0,GL,1554324600,92,65.61,-37.64,30.2,17.22
168,Muyezerskiy,32,RU,1554326122,77,63.93,31.65,33.12,8.19
169,Najran,0,SA,1554321600,39,17.54,44.22,78.8,6.93
170,Kudahuvadhoo,0,MV,1554326124,100,2.67,72.89,82.98,4.5
171,Chokurdakh,0,RU,1554326125,55,70.62,147.9,-0.64,2.93
172,North Platte,1,US,1554325933,54,41.12,-100.77,55.4,13.87
173,Acucena,75,BR,1554321600,78,-19.07,-42.55,80.6,2.24
174,Batemans Bay,88,AU,1554325784,81,-35.71,150.18,64.0,5.95
175,Nioro,32,GM,1554326130,46,13.79,-15.05,85.77,3.94
176,Chuy,0,UY,1554326131,84,-33.69,-53.46,68.4,9.64
177,Dubna,8,RU,1554326132,81,56.76,37.14,25.2,3.04
178,Kandrian,92,PG,1554326133,100,-6.21,149.55,75.33,2.93
179,Namatanai,80,PG,1554326135,100,-3.66,152.44,82.08,6.17
180,Butaritari,92,KI,1554326136,100,3.07,172.79,77.67,1.59
181,Kyela,88,MW,1554326137,92,-9.6,33.87,66.6,2.37
182,Praia,75,BR,1554321600,65,-20.25,-43.81,77.0,8.05
183,Awjilah,0,LY,1554326139,43,29.14,21.3,61.56,7.18
184,Cayenne,75,GF,1554323400,69,4.94,-52.33,82.4,12.75
185,Ust-Kulom,12,RU,1554326142,86,61.69,53.69,27.18,6.06
186,Kuytun,20,RU,1554326143,69,54.34,101.51,21.78,3.94
187,Eureka,90,US,1554326012,93,40.8,-124.16,57.0,4.72
188,Klyuchi,68,RU,1554326146,50,52.25,79.17,44.28,12.44
189,Ostrovnoy,24,RU,1554326147,87,68.05,39.51,27.63,13.56
190,Havre-Saint-Pierre,75,CA,1554322200,100,50.23,-63.6,28.4,12.75
191,Pevek,0,RU,1554326149,65,69.7,170.27,17.01,1.7
192,Ous,0,RU,1554326150,81,60.91,61.52,21.87,4.94
193,Port Lincoln,12,AU,1554326152,93,-34.72,135.86,64.98,10.31
194,Adrar,40,DZ,1554321600,24,27.87,-0.29,80.6,19.46
195,Nishihara,75,JP,1554326105,45,35.74,139.53,45.0,4.7
196,Honiara,48,SB,1554326155,97,-9.43,159.96,77.13,2.71
197,Salalah,0,OM,1554321000,69,17.01,54.1,80.6,2.24
198,Ambilobe,20,MG,1554326158,95,-13.19,49.05,72.0,3.27
199,Ancud,90,CL,1554321600,100,-41.87,-73.83,50.0,19.46
200,Kamenka,80,RU,1554326160,88,53.19,44.05,31.95,15.23
201,Vila Franca do Campo,40,PT,1554325943,76,37.72,-25.43,57.2,8.05
202,Dymer,0,UA,1554323400,47,50.78,30.31,33.8,4.94
203,Ghanzi,0,BW,1554326164,44,-21.7,21.65,68.13,7.74
204,Guantanamo,75,BO,1554321600,74,-16.14,-62.05,84.2,9.17
205,Touros,75,BR,1554321600,88,-5.2,-35.46,80.6,4.7
206,Marabba,0,SD,1554326167,32,12.35,32.18,67.41,4.16
207,Muroto,0,JP,1554326168,100,33.37,134.14,39.78,4.94
208,Fare,20,PF,1554326169,98,-16.7,-151.02,84.69,9.64
209,Dhilwan,0,IN,1554326171,80,30.78,76.19,67.68,2.82
210,Huntington,20,US,1554326159,16,40.87,-73.43,66.99,19.46
211,Turangi,32,NZ,1554326173,100,-39.0,175.93,50.58,3.71
212,San Pedro,0,AR,1554326175,63,-33.68,-59.66,75.87,4.94
213,Sobolevo,76,RU,1554326177,66,54.43,31.9,36.54,4.61
214,Kavaratti,64,IN,1554326178,100,10.57,72.64,84.06,2.59
215,Santa Maria da Vitoria,64,BR,1554326179,54,-13.39,-44.19,83.52,2.71
216,Severo-Kurilsk,88,RU,1554326180,97,50.68,156.12,33.03,6.85
217,Mogocha,48,RU,1554326182,65,53.73,119.76,21.96,4.16
218,Bom Jesus do Itabapoana,68,BR,1554326183,90,-21.13,-41.68,71.73,2.93
219,Umm Kaddadah,0,SD,1554326184,15,13.6,26.69,71.46,11.21
220,Praia da Vitoria,75,PT,1554326168,76,38.73,-27.07,57.2,20.49
221,Hambantota,0,LK,1554326186,100,6.12,81.12,80.19,3.6
222,Bachaquero,20,VE,1554326188,67,9.96,-71.12,88.56,4.94
223,Ugoofaaru,88,MV,1554326189,100,5.67,73.0,84.42,1.81
224,Key West,1,US,1554325996,91,47.93,-96.78,37.99,7.29
225,Katherine,32,AU,1554323400,73,-14.47,132.26,77.0,8.05
226,Nome,90,US,1554326162,52,30.04,-94.42,71.01,11.41
227,Madang,92,PG,1554326194,100,-5.21,145.81,72.99,1.59
228,Torbay,90,CA,1554326119,64,47.66,-52.73,33.8,19.46
229,Sovetsk,0,RU,1554326196,55,55.08,21.89,42.84,16.91
230,Kihei,20,US,1554326165,73,20.76,-156.45,80.6,16.11
231,Kadoma,0,ZW,1554326198,55,-18.34,29.91,67.5,13.0
232,Turukhansk,80,RU,1554326199,93,65.8,87.96,19.35,6.62
233,Ixtapa,5,MX,1554326121,78,20.71,-105.21,80.01,16.11
234,Boyolangu,32,ID,1554326202,92,-8.09,111.9,69.3,3.27
235,Tazovskiy,76,RU,1554326203,87,67.47,78.7,20.07,11.65
236,Tuatapere,92,NZ,1554325807,88,-46.13,167.69,51.01,14.56
237,Uniontown,1,US,1554325953,21,39.9,-79.72,61.0,11.41
238,San Quintin,36,PH,1554326206,87,17.54,120.52,69.03,3.38
239,Senador Jose Porfirio,68,BR,1554326208,79,-2.59,-51.95,82.98,6.17
240,Obera,76,AR,1554326209,77,-27.49,-55.12,79.47,2.37
241,Paoua,0,CF,1554326210,63,7.24,16.43,75.15,3.71
242,Spittal,92,GB,1554326208,93,55.76,-1.99,41.0,17.22
243,Homer,1,US,1554326210,70,59.64,-151.54,45.0,4.7
244,Codrington,40,AU,1554326008,93,-28.95,153.24,62.6,5.17
245,Ribeira Grande,40,PT,1554325200,62,38.52,-28.7,57.2,2.24
246,Bantou,92,CN,1554326216,98,26.22,117.49,55.35,2.15
247,Usinsk,88,RU,1554326217,96,66.0,57.56,32.4,8.19
248,Kanashevo,75,RU,1554326104,80,55.21,62.07,33.8,8.95
249,Maine-Soroa,0,NE,1554326220,20,13.21,12.02,79.2,8.19
250,Rabo de Peixe,40,PT,1554326183,76,37.8,-25.58,57.2,8.05
251,Karaton,40,ID,1554326174,83,-6.34,106.1,84.99,1.12
252,Yar-Sale,0,RU,1554326223,64,66.83,70.83,11.16,5.28
253,Buluang,20,PH,1554321600,83,10.47,123.98,75.2,4.7
254,Barrow,0,AR,1554326041,36,-38.31,-60.23,72.45,12.77
255,San Gabriel,75,US,1554326218,52,34.1,-118.11,69.01,8.05
256,Havoysund,75,NO,1554324600,86,71.0,24.66,30.2,8.05
257,Jalu,0,LY,1554326229,47,29.03,21.55,62.28,6.96
258,Shubarkuduk,92,KZ,1554326231,97,49.15,56.49,42.3,18.25
259,Tselina,8,RU,1554326232,92,46.53,41.03,35.28,8.63
260,Noumea,68,NC,1554325893,83,-22.28,166.46,75.2,4.7
261,Abu Dhabi,0,AE,1554321600,42,24.47,54.37,82.4,8.05
262,Hami,0,CN,1554326235,53,42.84,93.51,47.07,4.16
263,Aromashevo,88,RU,1554326236,90,56.86,68.64,31.32,10.42
264,Lorengau,64,PG,1554326238,100,-2.02,147.27,80.82,8.75
265,Glazov,0,RU,1554326239,76,58.14,52.65,20.52,8.97
266,Caucaia,75,BR,1554325687,78,-3.73,-38.66,81.0,5.82
267,Contamana,12,PE,1554326241,73,-7.35,-75.01,86.58,2.48
268,Rawson,92,AR,1554326243,27,-43.3,-65.11,69.75,14.79
269,Luwuk,80,ID,1554326244,100,-0.95,122.79,77.85,2.59
270,Conceicao do Araguaia,0,BR,1554326245,84,-8.26,-49.26,84.6,2.93
271,Cruzeiro do Sul,75,BR,1554321600,94,-7.63,-72.67,80.6,1.59
272,Mamallapuram,0,IN,1554323400,79,12.63,80.17,84.2,5.82
273,Manadhoo,32,MV,1554326249,100,5.77,73.38,81.0,2.71
274,Nizhniy Tsasuchey,8,RU,1554326250,36,50.52,115.13,28.98,22.73
275,Gornyy,92,RU,1554326251,93,51.76,48.54,34.29,14.45
276,Coihaique,40,CL,1554321600,54,-45.58,-72.07,57.2,10.29
277,Tignere,64,CM,1554326253,37,7.37,12.65,79.65,4.83
278,Pokhara,76,NP,1554326242,64,28.21,83.99,51.66,3.04
279,Port Hardy,90,CA,1554321600,81,50.7,-127.42,50.0,4.7
280,Lydenburg,12,ZA,1554326144,96,-25.1,30.46,66.99,1.59
281,Qaqortoq,20,GL,1554324600,58,60.72,-46.03,28.4,13.87
282,Dali,44,CN,1554326259,100,25.6,100.24,42.48,2.15
283,Rabat,40,MA,1554325267,82,34.02,-6.83,61.0,1.12
284,Salinas,75,US,1554326104,71,36.67,-121.66,64.0,10.29
285,Pangody,12,RU,1554326263,75,65.85,74.49,15.12,9.42
286,Acajutla,32,SV,1554325855,71,13.59,-89.83,84.99,3.0
287,Sitka,80,US,1554326198,48,37.17,-99.65,66.99,15.01
288,Alta Floresta,75,BR,1554321600,100,-9.87,-56.08,77.0,3.36
289,Pocone,36,BR,1554326268,77,-16.26,-56.62,84.69,4.05
290,San Carlos de Bariloche,75,AR,1554321600,81,-41.13,-71.31,46.4,20.8
291,Adelaide,0,AU,1554326110,28,-34.93,138.6,72.0,11.41
292,Macheng,48,CN,1554326271,83,31.18,115.03,46.17,2.48
293,Ottumwa,90,US,1554326262,57,41.02,-92.41,55.4,11.41
294,Alenquer,75,BR,1554321600,88,-1.95,-54.74,82.4,7.96
295,Ilulissat,75,GL,1554324600,85,69.22,-51.1,17.6,16.11
296,Dakar,0,SN,1554323400,77,14.69,-17.45,69.8,24.16
297,Trinidad,20,UY,1554321600,54,-33.52,-56.9,78.8,4.7
298,Kijabe,20,KE,1554326208,68,-0.95,36.6,71.6,11.41
299,Boundiali,64,CI,1554326279,65,9.53,-6.48,81.81,7.18
300,Halifax,90,CA,1554325925,100,44.65,-63.58,48.2,23.04
301,Marshall,40,US,1554326012,38,39.39,-87.69,63.0,5.82
302,Yining,76,CN,1554326283,95,29.04,114.56,48.06,2.15
303,Verkh-Chebula,76,RU,1554326284,62,56.03,87.61,27.63,5.17
304,Esperance,20,TT,1554326142,65,10.24,-61.45,82.4,13.87
305,Iralaya,40,HN,1554321600,66,15.0,-83.23,87.8,5.82
306,Balkanabat,0,TM,1554326288,84,39.51,54.36,43.02,4.16
307,Rocha,0,UY,1554326289,68,-34.48,-54.34,68.85,5.95
308,Bucerias,5,MX,1554326121,78,20.76,-105.33,80.01,16.11
309,Dudinka,68,RU,1554326042,92,69.41,86.18,18.72,8.19
310,Khasan,0,RU,1554326292,73,42.43,130.64,39.78,7.29
311,Dapaong,0,TG,1554326171,43,10.86,0.2,85.95,3.49
312,Bud,0,NO,1554326163,74,62.91,6.91,41.0,9.17
313,Acapulco,5,MX,1554324180,70,16.86,-99.88,86.0,5.82
314,Sur,0,OM,1554326297,79,22.57,59.53,80.55,5.17
315,Shimoda,0,JP,1554326111,61,34.7,138.93,39.0,16.24
316,Bereda,40,ES,1554326210,75,43.27,-7.54,50.0,4.7
317,Samarai,80,PG,1554326300,100,-10.62,150.67,77.94,6.73
318,Berezniki,0,RU,1554326111,50,59.41,56.8,19.0,2.71
319,Manono,44,CD,1554326303,94,-7.3,27.4,71.82,2.37
320,Gobabis,20,NA,1554326304,78,-22.45,18.97,62.55,9.19
321,Salamanca,0,ES,1554323400,52,40.97,-5.66,41.0,10.29
322,Ambon,0,FR,1554326301,86,47.55,-2.56,43.0,5.82
323,Jamsa,0,FI,1554326274,64,61.86,25.19,36.0,6.93
324,Sawtell,0,AU,1554326305,93,-30.38,153.1,60.8,4.7
325,Itaituba,75,BR,1554321600,83,-4.26,-55.99,82.4,2.15
326,Atasu,0,KZ,1554326311,87,48.68,71.64,44.46,9.08
327,Lata,0,IN,1554326312,78,30.78,78.62,48.24,2.37
328,San Andres,0,PH,1554326314,100,13.32,122.68,80.55,11.99
329,Lakes Entrance,80,AU,1554326125,85,-37.88,147.99,57.99,2.48
330,Pingliang,0,CN,1554326316,84,35.54,106.68,35.19,2.59
331,Monywa,0,MM,1554326317,82,22.12,95.13,70.56,7.96
332,Gamba,12,CN,1554326318,46,28.28,88.52,-2.53,4.94
333,Teya,75,MX,1554326167,30,21.05,-89.07,96.01,13.87
334,Auki,0,NG,1554326321,21,12.18,6.51,79.47,7.96
335,Anadyr,0,RU,1554325950,78,64.73,177.51,17.01,2.24
336,Mudon,0,MM,1554326323,89,16.26,97.73,72.99,2.59
337,Sao Joao da Barra,20,BR,1554321600,65,-21.64,-41.05,82.4,11.41
338,Necochea,0,AR,1554326290,15,-38.55,-58.74,73.99,5.01
339,Klaksvik,92,FO,1554324600,74,62.23,-6.59,37.4,4.7
340,Isoka,24,ZM,1554326328,91,-10.15,32.64,64.35,4.83
341,Farrukhnagar,0,IN,1554325208,41,28.45,76.82,87.01,2.71
342,Sioux Lookout,75,CA,1554321600,45,50.1,-91.92,24.8,11.41
343,Stromness,1,CA,1554326323,48,42.87,-79.55,46.0,17.22
344,Mitu,32,IR,1554326333,91,36.2,46.09,29.16,2.26
345,Timberlake,75,US,1554326287,43,32.26,-81.31,73.4,11.41
346,Hwange,0,ZW,1554326335,46,-18.35,26.5,67.23,5.39
347,Moree,0,AU,1554325298,72,-29.46,149.84,62.01,8.05
348,Austin,90,US,1554326047,64,30.27,-97.74,70.0,9.17
349,Sandviken,24,SE,1554326226,59,60.62,16.77,37.99,5.73
350,Caravelas,12,BR,1554326340,100,-17.73,-39.27,81.27,9.42
351,Baoding,0,CN,1554326341,64,38.86,115.49,38.52,4.72
352,Kalmunai,0,LK,1554326342,100,7.42,81.82,70.92,3.38
353,Ocosingo,0,MX,1554326343,41,16.91,-92.09,81.99,3.27
354,Bukama,44,CD,1554326345,77,-9.2,25.85,74.88,3.71
355,Ayame,8,CI,1554326346,84,5.61,-3.16,80.64,7.18
356,Kruisfontein,76,ZA,1554326347,79,-34.0,24.73,60.66,7.4
357,Sivaki,0,RU,1554326348,65,52.63,126.75,11.97,3.49
358,Alice Springs,0,AU,1554323400,30,-23.7,133.88,53.6,5.82
359,Kichera,76,RU,1554326351,70,55.93,110.1,18.81,3.83
360,Ternate,20,PH,1554326187,57,14.29,120.72,80.6,4.7
361,Morro Bay,90,US,1554326067,63,35.37,-120.85,66.0,8.05
362,Stettler,24,CA,1554326104,50,52.32,-112.71,51.01,3.0
363,Ibra,8,OM,1554326355,47,22.69,58.55,65.97,1.7
364,Zyryanka,0,RU,1554326356,68,65.73,150.89,11.88,5.17
365,Pisco,0,PE,1554321600,30,-13.71,-76.2,71.6,19.46
366,College,20,US,1554326178,32,64.86,-147.8,30.99,14.99
367,Saurimo,8,AO,1554326360,92,-9.66,20.4,68.22,3.49
368,Baker City,1,US,1554326180,44,44.77,-117.83,60.8,4.7
369,Kiunga,56,PG,1554326362,97,-6.12,141.3,72.81,2.37
370,Maningrida,80,AU,1554326363,96,-12.05,134.23,79.83,19.37
371,Petropavlovsk-Kamchatskiy,92,RU,1554323400,60,53.05,158.65,39.2,6.71
372,Te Anau,76,NZ,1554326366,81,-45.41,167.72,49.05,6.62
373,Chunhuhub,32,MX,1554326367,55,19.59,-88.59,86.85,5.39
374,Gavle,8,SE,1554326226,59,60.67,17.14,37.99,6.96
375,Turayf,0,SA,1554325200,54,31.68,38.65,57.2,3.36
376,Rundu,20,NA,1554326371,30,-17.91,19.77,76.95,9.75
377,Simpang,75,MY,1554321600,94,4.82,100.71,78.8,3.36
378,Raglan,100,NZ,1554326147,48,-37.8,174.87,61.0,5.61
379,Cumpas,0,MX,1554326374,16,30.0,-109.78,76.05,6.96
380,Hashtrud,48,IR,1554326375,80,37.48,47.05,32.85,3.94
381,Santa Rosalia,75,IT,1554326321,55,38.07,13.27,63.0,10.29
382,Arti,92,RU,1554326378,80,56.43,58.53,31.77,13.33
383,Malinyi,80,TZ,1554326379,95,-8.94,36.14,70.47,2.37
384,Gazanjyk,0,TM,1554326380,87,39.24,55.52,46.62,3.83
385,Meadow Lake,90,CA,1554321600,64,54.13,-108.44,32.0,10.29
386,Chernyshevskiy,48,RU,1554326382,78,63.01,112.47,19.17,2.37
387,Burg,12,DE,1554326341,79,52.27,11.86,59.0,1.01
388,Los Zacatones,20,MX,1554324900,13,22.95,-102.05,73.4,27.51
389,Hualmay,36,PE,1554326386,76,-11.1,-77.61,74.7,5.39
390,Lulea,0,SE,1554324600,80,65.58,22.15,33.8,8.05
391,Bindi,0,NG,1554326389,20,12.86,8.84,81.0,9.19
392,Vardo,1,US,1554326362,20,39.62,-77.74,68.0,17.22
393,Ormara,12,PK,1554326391,84,25.21,64.64,76.41,10.98
394,Pasighat,32,IN,1554326392,91,28.06,95.33,54.9,1.7
395,Arklow,75,IE,1554326195,86,52.79,-6.14,41.0,10.29
396,Avera,1,US,1554326287,22,33.19,-82.53,73.0,4.7
397,Aksarka,44,RU,1554326396,62,66.56,67.8,11.88,2.82
398,Ngunguru,8,NZ,1554325684,89,-35.62,174.5,64.0,16.46
399,Pervoavgustovskiy,48,RU,1554326398,68,52.23,35.05,28.08,3.6
400,Maniitsoq,76,GL,1554326339,86,65.42,-52.9,21.33,11.1
401,Kyren,64,RU,1554326400,56,51.68,102.13,27.45,3.38
402,Kantorjanosi,92,HU,1554325200,37,47.93,22.15,54.0,6.93
403,Mogadishu,0,SO,1554326403,100,2.04,45.34,82.44,12.88
404,Jupiter,90,US,1554326255,57,26.93,-80.09,75.99,14.99
405,Tessalit,8,ML,1554326405,26,20.2,1.01,77.76,7.07
406,Leh,48,IN,1554326406,78,34.16,77.58,1.44,0.58
407,Magalia,90,US,1554326404,63,39.81,-121.58,62.6,11.41
408,Limon,1,US,1554326386,24,39.26,-103.69,62.01,6.93
409,Chimbote,44,PE,1554326410,92,-9.08,-78.59,72.0,9.19
410,Banda Aceh,12,ID,1554326411,99,5.56,95.32,73.8,2.04
411,Tiksi,80,RU,1554326316,77,71.64,128.87,23.67,6.85
412,Maumere,12,ID,1554326413,100,-8.63,122.22,79.74,3.94
413,Morococha,88,PE,1554326415,100,-11.61,-76.13,42.48,3.38
414,Narragansett,20,US,1554326166,47,41.45,-71.45,64.4,19.46
415,Felipe Carrillo Puerto,0,MX,1554326417,35,19.58,-88.05,92.52,10.2
416,Wawa,20,NG,1554326418,67,9.9,4.41,84.87,2.71
417,Sao Paulo de Olivenca,12,BR,1554326419,89,-3.38,-68.87,79.92,0.58
418,Comodoro Rivadavia,0,AR,1554321600,71,-45.87,-67.48,71.6,16.11
419,Bonavista,88,CA,1554326237,88,48.65,-53.11,30.99,15.99
420,Tynda,80,RU,1554326423,69,55.15,124.74,13.68,2.48
421,Balabac,80,PH,1554326424,100,7.99,117.06,81.72,8.41
422,Paciran,56,ID,1554326425,99,-6.9,112.33,71.28,2.82
423,Tottori,0,JP,1554326204,100,35.5,134.23,26.46,4.16
424,Quelimane,0,MZ,1554325200,83,-17.88,36.89,77.0,3.36
425,Gannan,44,CN,1554326428,63,47.92,123.49,25.74,4.05
426,Kununurra,8,AU,1554323400,68,-15.77,128.74,71.6,2.24
427,Mayo,20,CA,1554321600,22,63.59,-135.9,21.2,18.34
428,Fortuna,0,ES,1554326313,82,38.18,-1.13,64.99,2.24
429,Faya,0,SA,1554325200,82,18.39,42.45,60.8,10.29
430,Clyde River,75,CA,1554321600,78,70.47,-68.59,8.6,8.05
431,Bara,0,NG,1554326435,21,10.41,10.6,81.9,8.41
432,Fiche,56,ET,1554326437,92,9.77,38.74,48.78,2.59
433,Tecoanapa,5,MX,1554324180,70,16.99,-99.26,86.0,5.82
434,Beloha,0,MG,1554326439,84,-25.17,45.06,73.53,8.52
435,Vallenar,8,CL,1554326328,69,-28.58,-70.76,65.88,2.93
436,Lagoa,0,PT,1554325936,54,37.14,-8.45,57.2,12.75
437,Wakkanai,0,JP,1554326443,100,45.41,141.67,35.55,12.21
438,Mount Pleasant,1,US,1554326204,37,33.16,-94.97,73.99,8.05
439,Nahrin,24,AF,1554326445,82,36.06,69.13,50.04,1.14
440,Makakilo City,20,US,1554326443,51,21.35,-158.09,82.4,5.82
441,Kaabong,0,UG,1554326448,64,3.51,34.14,66.78,3.94
442,Lisakovsk,68,KZ,1554326185,100,52.55,62.49,32.58,2.93
443,Birin,8,SY,1554326450,95,35.01,36.67,45.63,1.25
444,Yerbogachen,76,RU,1554326338,92,61.28,108.01,25.65,4.94
445,Seminole,1,US,1554326257,13,32.72,-102.64,82.99,24.16
446,Northam,20,GB,1554326411,100,51.04,-4.21,41.0,6.93
447,Antofagasta,0,CL,1554321600,46,-23.65,-70.4,71.6,8.05
448,Medvezhyegorsk,0,RU,1554326456,77,62.92,34.47,29.25,7.4
449,Palana,44,RU,1554326457,69,59.08,159.95,34.47,10.54
450,Padang,64,ID,1554326458,100,-0.92,100.36,79.2,5.28
451,Bilibino,12,RU,1554326459,82,68.06,166.44,18.0,2.15
452,Hovd,0,NO,1554326402,80,63.83,10.7,39.2,2.24
453,Panzhihua,24,CN,1554326462,90,26.59,101.72,41.58,1.36
454,Gadsden,1,US,1554326157,23,34.01,-86.01,75.2,5.82
455,Khirkiya,0,IN,1554326464,40,22.17,76.86,71.46,2.82
456,Waingapu,0,ID,1554326465,99,-9.65,120.26,68.22,2.82
457,Camargo,0,MX,1554326466,9,27.69,-105.17,83.61,9.75
458,Opotiki,0,NZ,1554326425,74,-38.01,177.29,55.0,8.01
459,Torbat-e Jam,68,IR,1554326468,51,35.24,60.63,52.65,4.27
460,Ponnani,40,IN,1554323400,83,10.77,75.93,82.4,1.48
461,Port-Gentil,20,GA,1554325200,83,-0.72,8.78,82.4,5.82
462,Mount Isa,0,AU,1554323400,53,-20.73,139.49,71.6,6.93
463,Liverpool,20,GB,1554326354,86,53.41,-2.98,41.0,9.17
464,Nandyal,0,IN,1554326474,71,15.47,78.48,73.8,3.15
465,Sisimiut,68,GL,1554326476,96,66.94,-53.67,13.23,11.65
466,Walvis Bay,0,NA,1554325329,72,-22.95,14.51,62.6,4.7
467,Warrington,20,GB,1554326295,86,53.39,-2.59,41.0,9.17
468,Leiyang,92,CN,1554326479,99,26.42,112.85,54.9,4.05
469,Mehamn,90,NO,1554324600,92,71.03,27.85,32.0,14.99
470,Haines Junction,88,CA,1554326325,72,60.75,-137.51,27.45,3.15
471,Shimanovsk,44,RU,1554326482,73,52.0,127.67,18.18,2.37
472,Bathsheba,40,BB,1554321600,58,13.22,-59.52,84.2,21.92
473,Atar,0,MR,1554326485,84,20.52,-13.05,65.52,3.15
474,Sinjai,32,ID,1554326486,100,-5.12,120.25,71.64,2.15
475,Carquefou,0,FR,1554326403,82,47.3,-1.49,41.0,2.24
476,Tarko-Sale,44,RU,1554326358,85,64.92,77.78,10.99,9.42
477,Grand Gaube,75,MU,1554326344,94,-20.01,57.66,77.0,3.36
478,Ponta Delgada,40,PT,1554326183,76,37.73,-25.67,57.2,8.05
479,Manado,20,ID,1554323400,94,1.49,124.85,75.2,2.24
480,Lincoln,40,GB,1554326212,100,53.23,-0.54,39.99,8.05
481,South Venice,1,US,1554326490,39,27.05,-82.42,84.2,3.36
482,Isangel,75,VU,1554325200,78,-19.55,169.27,82.4,11.88
483,Fort Frances,40,CA,1554326113,40,48.61,-93.4,35.01,17.22
484,Ayan,88,TR,1554326498,79,40.67,33.6,37.44,2.04
485,Tilichiki,92,RU,1554326499,87,60.47,166.1,33.57,13.89
486,Kemi,0,FI,1554324600,84,65.74,24.56,32.0,14.99
487,Aron,0,IN,1554326502,52,24.38,77.42,68.04,2.71
488,Chino Valley,40,US,1554326473,23,34.76,-112.45,70.0,16.11
489,Muisne,90,EC,1554321600,83,0.61,-80.02,82.4,5.82
490,Dubbo,64,AU,1554323400,82,-32.25,148.6,57.2,5.82
491,Sao Joao do Paraiso,68,BR,1554326507,66,-15.31,-42.01,77.22,2.59
492,Lewisporte,90,CA,1554326179,33,49.25,-55.06,42.8,14.99
493,Russkaya Polyana,92,RU,1554326509,96,53.78,73.88,37.62,15.79
494,Douentza,68,ML,1554326510,61,15.01,-2.95,85.5,2.71
495,Jabinyanah,20,TN,1554321600,77,35.03,10.91,60.8,4.7
496,Urucara,24,BR,1554326307,69,-2.54,-57.76,87.3,3.49
497,Dong Hoi,100,VN,1554326514,98,17.48,106.6,77.13,2.71
498,Asekeyevo,92,RU,1554326515,91,53.57,52.8,34.02,16.24
499,Krasyliv,0,UA,1554326516,58,49.66,26.97,34.56,11.21
500,Kawalu,80,ID,1554326517,100,-7.38,108.21,65.97,1.7
501,Cookeville,1,US,1554326406,32,36.16,-85.5,73.0,5.82
502,Westport,92,IE,1554326406,84,53.8,-9.52,43.0,7.0
503,Nacala,0,MZ,1554326521,95,-14.56,40.69,80.46,10.87
504,Tandil,0,AR,1554326068,31,-37.33,-59.14,72.0,4.0
505,Masuguru,20,MZ,1554326523,65,-11.38,38.46,77.94,8.63
506,Saint-Georges,92,CA,1554326242,77,46.12,-70.67,39.0,10.0
507,Albanel,90,CA,1554326306,65,48.88,-72.44,41.0,14.99
508,Chauk,0,MM,1554326527,74,20.89,94.82,72.18,6.4
509,Isla Aguada,20,MX,1554324300,62,18.78,-91.49,86.0,6.93
510,Maamba,0,ZM,1554326529,65,-17.36,27.22,64.98,4.72
511,Ardakan,75,IR,1554325200,59,32.31,54.02,60.8,6.93
512,Manaus,75,BR,1554321600,74,-3.13,-59.98,87.8,4.7
513,Tabory,8,PL,1554326347,38,53.89,19.53,50.0,11.01
514,Moosomin,44,CA,1554326534,77,50.14,-101.67,33.75,3.6
515,Temse,0,BE,1554326316,86,51.13,4.21,42.8,6.93
516,Camas,90,US,1554326516,55,45.59,-122.41,62.01,14.99
517,Kampene,68,CD,1554326537,80,-3.59,26.67,75.42,2.37
518,Port Hedland,90,AU,1554323400,100,-20.31,118.58,78.8,12.75
519,Mocuba,8,MZ,1554326540,88,-16.84,36.99,70.47,4.38
520,Nalhati,0,IN,1554326541,66,24.29,87.85,73.44,8.97
521,Srednekolymsk,0,RU,1554326542,80,67.46,153.71,15.3,2.15
522,Simimbaan,68,PH,1554326543,100,17.12,121.58,70.38,2.48
523,Madison,90,US,1554326410,24,43.07,-89.38,57.99,10.29
524,Sao Filipe,12,CV,1554326546,97,14.9,-24.5,70.38,16.35
525,Marawi,64,PH,1554326194,89,8.0,124.29,73.0,5.99
526,Tateyama,40,JP,1554326404,52,36.66,137.31,46.0,8.05
527,Nelson Bay,0,AU,1554326440,100,-32.72,152.14,66.99,6.62
528,Nanyang,88,CN,1554326551,76,33.0,112.53,47.88,2.48
529,Inuvik,75,CA,1554321600,65,68.36,-133.71,6.8,8.05
530,Goderich,0,CA,1554326463,74,43.74,-81.71,45.0,1.01
531,Kirakira,68,SB,1554326554,100,-10.46,161.92,82.8,6.85
532,Corning,1,US,1554326461,23,42.14,-77.05,51.8,26.4
533,Yumen,0,CN,1554326556,45,40.29,97.04,37.89,9.19
534,Ulundi,0,ZA,1554326558,90,-28.29,31.43,55.35,2.37
